activity_segment,Fear,Greed
Frequent,5968.410191886956,3846.861069991936
Infrequent,3090.3713013813954,4987.663970166666
