sentiment_category,daily_pnl,win_rate,drawdown
Fear,5185.146443205063,0.35707081909219934,8863.193210729112
Greed,4144.208333580919,0.36274771314398035,8892.618793546848
